,gap,LB,rank_ratio,sdp_measure
0,-43.07528983036654,41507.38975096479,0.22539665477717374,0.8488108447074831
