,gap,LB,rank_ratio,sdp_measure
0,-0.879493809912732,711464.5190332953,0.33111002385839433,2.1528493268362423
