,gap,LB,rank_ratio,sdp_measure
0,0.029749458762564667,10901.4286762229,7.466505810519955e-06,2.058140803978684e-05
1,9.171749121981884e-06,11235.581149123303,6.76670097063486e-07,4.4997595395573856e-07
