,gap,LB,rank_ratio,sdp_measure
0,0.005348661139539894,134221.85903649844,7.681603252467527e-05,0.0003635144040062811
1,0.001541705436198788,134735.58344605632,7.060218080199483e-07,2.2650029837170937e-06
2,0.0005977035463219913,134862.9704847531,7.669713266902534e-07,3.1166078081568187e-06
3,0.00012527125692033257,134926.72221128776,3.942562685772004e-07,1.4515462421523442e-06
4,2.8480928935512806e-05,134939.7834491822,4.480921819809533e-07,1.095533407000637e-06
