,gap,LB,UB,rank_ratio,sdp_measure
0,8.39773206937461e-05,897.2757075003035,897.3510646384335,0.0004152821703930006,0.0017508973911715118
