,gap,LB,rank_ratio,sdp_measure
0,0.0004820869963231612,76340.59993876424,6.993559600404045e-06,2.434836595564076e-05
1,0.00030409507007985646,76354.19450296053,6.589328829200135e-07,2.2979844383374265e-06
2,4.761904513543217e-05,76373.78348016588,8.168416780181077e-07,2.8397209093185903e-06
