,gap,LB,UB,rank_ratio,sdp_measure
0,4.366463930525669e-05,11235.189361758854,11235.679963671817,4.068004701065584e-06,2.0668955677021782e-07
