,gap,LB,UB,rank_ratio,sdp_measure
0,0.0006602137077231577,97149.42411586046,97213.60587103371,0.012619016095262213,0.0377261795784006
1,0.00021014927690198108,97193.17650205488,97213.60587103371,0.0047330528731473745,0.016401786252943168
2,8.13110480022091e-05,97205.70133086026,97213.60587103371,0.002981789664492521,0.00920812523840054
