,gap,LB,rank_ratio,sdp_measure
0,0.8375415904345379,944.3127745172509,4.375316778135669e-06,1.2591217089505486e-05
1,4.634341396800101e-08,5812.642960622268,2.683680615202346e-10,6.034920218263611e-10
