,gap,LB,rank_ratio,sdp_measure
0,1.1993368908147939e-07,26108.845768669435,2.7658479940134153e-08,8.874021866971323e-08
