,gap,LB,rank_ratio,sdp_measure
0,0.00021630077365708284,227554.52513148997,0.0011747279187780454,0.005031977916825015
1,5.5801273988084983e-05,227591.05542045075,0.00041680365617144404,0.0029805368784162484
