,gap,LB,rank_ratio,sdp_measure
0,0.00023505574113735244,97190.75718336993,0.002514845766326721,0.012287678193803869
1,1.4548934266819541e-05,97212.19344561028,0.0019164694534569674,0.005880175202967527
