,gap,LB,rank_ratio,sdp_measure
0,0.0028130758168559244,894.8268441497632,1.4628897221029626e-06,4.238719537778122e-06
1,8.06747202013555e-06,897.3439216446163,1.0561210127288934e-06,4.4535821495152785e-06
