,gap,LB,UB,rank_ratio,sdp_measure
0,0.00017956077183291482,4995.303735978174,4996.200857660408,1.5771942502761336e-06,5.366796340003317e-06
1,0.00010517254870944415,4995.675394482343,4996.200857660408,2.2357615960286346e-07,6.603676917421085e-07
2,4.838206213479525e-05,4995.959131160074,4996.200857660408,2.3717013863960958e-07,7.335589498146224e-08
