,gap,LB,rank_ratio,sdp_measure
0,0.837539568424777,944.3245277385984,4.6574883032624045e-07,1.3402956862146476e-06
1,8.189026198611211e-08,5812.642754001123,3.5400680757060824e-10,8.763861331859472e-10
