,gap,LB,UB,rank_ratio,sdp_measure
0,0.00018922885436758056,4995.25543229562,4996.200857660106,2.241195237683789e-05,9.18911186541563e-05
1,7.791028119179742e-05,4995.811602246395,4996.200857660106,9.802151759102473e-08,2.42357786449797e-07
