,gap,LB,rank_ratio,sdp_measure
0,0.02010551939203726,4895.760317773651,8.689097862743494e-06,3.563185318310545e-05
1,0.001188741113256588,4990.27254768224,5.5151021701335584e-06,2.2752586341631323e-05
2,0.0011073687342606563,4990.679101318305,9.81749609937656e-07,2.981846646468027e-06
3,0.00010043140326707226,4995.7099734429285,1.4162082784375956e-07,2.6196685529592296e-07
4,5.293887716536367e-05,4995.947256159875,2.6318334004417146e-08,7.746432856128667e-08
