,gap,LB,UB,rank_ratio,sdp_measure
0,1.1448600012462068e-05,76917.08342475939,76917.96402776332,0.00020682204725547236,0.000885887553680397
