,gap,LB,UB,rank_ratio,sdp_measure
0,0.0005940783271765097,97155.85337467909,97213.60587103375,0.005804903987788768,0.022249964687499058
1,0.00018844737547932863,97195.28622214647,97213.60587103375,0.004815199796715208,0.014623780858732359
2,0.00010047981106777388,97203.83786628261,97213.60587103375,0.0006894455849764729,0.002630155911582219
3,5.245681518674081e-05,97208.50635487694,97213.60587103375,0.00045925850695749805,0.001236541083275505
