,gap,LB,rank_ratio,sdp_measure
0,0.029736124277568797,10901.574387929082,2.1687773907691815e-06,4.191441415143761e-06
1,8.654922835322648e-06,11235.582719728729,6.418032865074779e-07,3.421397515561709e-07
