,gap,LB,rank_ratio,sdp_measure
0,1.3538868929657043e-06,2776.7851805418495,2.895819418560989e-07,8.781957096243195e-07
