,gap,LB,UB,rank_ratio,sdp_measure
0,2.948516854348132e-05,134939.64793344733,134943.62676902648,0.0005993512328752276,0.0028010975253656475
