,gap,LB,UB,rank_ratio,sdp_measure
0,0.0009278174979216908,38627.40955496568,38663.28202455514,0.00479039915581198,0.024958644924085827
1,0.0003653029759264112,38649.15821257249,38663.28202455514,0.0029027661061141376,0.010170907364382946
2,0.00013947319554150547,38657.889533061054,38663.28202455514,0.00227448218680846,0.0053845193638432
3,5.0458542148474474e-05,38661.33113170951,38663.28202455514,0.00100343150314814,0.0008495970554306049
