,gap,LB,UB,rank_ratio,sdp_measure
0,5.504514032360965e-05,134936.1987781552,134943.62676902648,0.00034570107315646853,0.0014049196300485044
