,gap,LB,UB,rank_ratio,sdp_measure
0,5.357050407818174e-06,5812.611750828825,5812.642889449787,1.016642781293711e-05,1.3916005823772887e-08
