,gap,LB,rank_ratio,sdp_measure
0,0.002803139934868349,37483.97132132223,0.5352390531282818,1.767520031561405
1,0.0012507146999934493,37542.32596052431,0.48252501741553355,1.114493881284615
2,0.00064237931404668,37565.192885876524,0.15743379491858964,0.3486811325087772
3,0.0002893223273926656,37578.46406481071,0.08215004751129557,0.3059703910241057
4,0.0001624789012932481,37583.2320254177,0.05099981398069588,0.17793572338174599
5,8.525810926107468e-05,37586.13470398586,0.022654585202012082,0.06566243083092209
