,gap,LB,rank_ratio,sdp_measure
0,0.00032825175196046877,63331.40782827622,0.085510136988049,0.3570490769209912
1,0.00011753418383653308,63344.75725049089,0.03307379218651099,0.10545992102913537
2,2.038027202346893e-05,63350.91216486346,0.0035405952682868555,0.011038015559931724
