,gap,LB,rank_ratio,sdp_measure
0,0.029746868445121855,10901.457780211666,2.559667135861997e-06,5.389494024205993e-06
1,9.162562844267698e-06,11235.581252337419,6.504435913362689e-07,3.6744062197261775e-07
