,gap,LB,UB,rank_ratio,sdp_measure
0,5.205914135641386e-06,148339.72661815345,148340.49886605339,0.0006631751338760973,0.002154349980650959
