,gap,LB,UB,rank_ratio,sdp_measure
0,0.00400424707814271,563439.0765594259,565704.2963351186,0.02507354509039482,0.13345730845538026
1,0.0010143388657374334,565130.4804808312,565704.2963351186,0.010477625036980772,0.04932097715774621
2,0.00019393317576907958,565594.5875043841,565704.2963351186,0.0024618219961082305,0.013766179480433214
3,9.392657709134579e-05,565651.161666918,565704.2963351186,0.0013054015980212815,0.001194133046236127
