,gap,LB,rank_ratio,sdp_measure
0,0.00017462422774766398,8207.081694389708,0.03907437747012833,0.12366302494511142
1,4.036532016794815e-05,8208.183760659886,0.022676183923973563,0.09135189735535182
