,gap,LB,UB,rank_ratio,sdp_measure
0,3.178235224048714e-05,76915.51939393693,76917.96402776329,0.0005942598667991803,0.0025398990594298894
