,gap,LB,rank_ratio,sdp_measure
0,0.00037313212939949083,249579.17722886993,8.109503587050678e-05,0.00025264154215789807
1,0.0002152966864735074,249618.58437292452,2.42804283605914e-05,7.567757451359687e-05
2,7.071963126540557e-05,249654.6812643195,0.00010453299264141302,0.000327536815101719
