,gap,LB,UB,rank_ratio,sdp_measure
0,0.00014797260469116244,249635.38028676625,249672.32495100854,0.0017258854965351204,0.007105140409617453
1,9.024592411720043e-05,249649.79304131685,249672.32495100854,0.00020210722857747984,0.00066530364305417
