,gap,LB,UB,rank_ratio,sdp_measure
0,1.8869386147526794e-05,76375.96977667473,76377.4109715353,0.00115371501040697,0.0034078426999379287
