,gap,LB,UB,rank_ratio,sdp_measure
0,5.5727111904600526e-05,134936.10675043677,134943.62676902654,0.0007166198974826774,0.002929577281115631
