,gap,LB,rank_ratio,sdp_measure
0,0.8375395033390894,944.3248507325227,5.0064916716824506e-08,1.4407483714473243e-07
1,-1.365707874204859e-08,5812.642968833508,1.815584166635071e-10,3.5864461985737273e-10
