,gap,LB,rank_ratio,sdp_measure
0,0.00048208699632392327,76340.59993876418,6.993559600404045e-06,2.434836595564076e-05
1,0.00030409507008042805,76354.19450296048,6.589328829200135e-07,2.2979844383374265e-06
2,4.7619045136003746e-05,76373.78348016583,8.168416780181077e-07,2.8397209093185903e-06
