,gap,LB,rank_ratio,sdp_measure
0,1.356152863102955e-06,2776.7851742497287,2.894691709553413e-07,8.778546969491565e-07
