,gap,LB,UB,rank_ratio,sdp_measure
0,2.4689613981234344e-05,2776.718928583353,2776.7874863945,2.3241697972536847e-05,3.5804984826875694e-05
