,gap,LB,UB,rank_ratio,sdp_measure
0,3.3025026232691126e-05,134939.1702522125,134943.62676902648,0.0002639917365636994,0.0012263913249832856
