,gap,LB,rank_ratio,sdp_measure
0,9.941916314693768e-06,8208.43352162951,9.501238257691018e-06,2.824941638231458e-05
