,gap,LB,rank_ratio,sdp_measure
0,0.039624606025658184,17328.94062034308,0.051528925805504694,0.11245414631139938
1,0.012536225577179755,17817.72129843851,0.037514380203674626,0.10805807610157617
2,0.0047991635130634905,17957.32825830671,0.0016899824689269988,0.00679566955547931
3,0.0010529541928489502,18024.92457456875,0.00032456371893075633,0.0010076278329004353
4,0.00032290598228600906,18038.097508996485,0.0007136498494658405,0.0022415777058497543
5,7.666465079938533e-05,18042.54066886749,0.0005426703219807646,0.0004536762179493232
