,gap,LB,UB,rank_ratio,sdp_measure
0,0.0005664380451826049,2775.214608318818,2776.787486394499,0.0004265638626488365,0.0012617036589438716
1,6.715748365580222e-05,2776.601004334266,2776.787486394499,3.5023354969492487e-05,2.1016109318295298e-05
