,gap,LB,UB,rank_ratio,sdp_measure
0,5.508946482052345e-05,76913.72667166992,76917.96404114403,0.0010014025864529949,0.004156324422536104
