,gap,LB,rank_ratio,sdp_measure
0,0.0021980674098835045,138111.31626194902,0.03864618822796802,0.1287050809156491
1,0.0009167077798612012,138288.67637654403,0.010446466571471016,0.03549701114493505
2,0.00011893531902990369,138399.1005008559,0.012548704303212277,0.04213628844194542
3,7.149229475340868e-05,138405.66735377154,0.0025187078617910945,0.0062077491315172305
