,gap,LB,rank_ratio,sdp_measure
0,1.0691964801862617e-06,38663.24146135412,3.1223585531833864e-05,0.00013526068613625052
