,gap,LB,UB,rank_ratio,sdp_measure
0,9.162873344659744e-05,227582.88588463314,227603.740927142,0.010350483354434547,0.049005905593953694
