,gap,LB,rank_ratio,sdp_measure
0,0.0004936523361777135,76339.70708417805,7.126082332256437e-06,2.4811797624113266e-05
1,0.0003118284730902556,76353.59432009351,6.953538192140601e-07,2.4253384047009285e-06
2,5.004244498822547e-05,76373.58885914847,7.880839782544096e-07,2.7398188257218876e-06
