,gap,LB,rank_ratio,sdp_measure
0,1.4740446254128828e-05,27557.16478910578,0.18336228001681548,0.9037231914562929
