,gap,LB,rank_ratio,sdp_measure
0,0.8317412433362125,1002.706651475735,2.213777819183425e-07,7.006280539735261e-07
1,6.279266428859725e-08,5959.312955798839,3.8375080274099705e-12,1.2145159075030334e-11
