,gap,LB,UB,rank_ratio,sdp_measure
0,9.3980599129666e-06,76376.69317205099,76377.4109715353,0.0012503994869140066,0.004162508347358584
