,gap,LB,rank_ratio,sdp_measure
0,2.0282884355017317e-06,2776.783307871105,2.0411540675559896e-07,6.190080790677768e-07
