,gap,LB,rank_ratio,sdp_measure
0,0.0004924835155350364,76339.80587944466,6.756099205540821e-06,2.352198751543698e-05
1,0.0003211773704016856,76352.88980092574,6.424699113599488e-07,2.2407058777835788e-06
2,4.843715582600524e-05,76373.72099498165,8.058167518320235e-07,2.801506697398186e-06
