,gap,LB,UB,rank_ratio,sdp_measure
0,4.232614193970362e-05,11235.204400686885,11235.679963671817,3.904298645692022e-06,1.270249869026219e-08
