,gap,LB,UB,rank_ratio,sdp_measure
0,2.731858020371622e-05,2776.71162908337,2776.7874869750417,2.3348690746896917e-05,3.746691473759096e-05
