,gap,LB,rank_ratio,sdp_measure
0,0.05617409833526704,5662.354655363729,0.05744964970895166,0.18367758293524947
1,0.019985160591905998,5879.465247203132,0.02957795673206357,0.09583823101816297
2,0.002042918776289791,5987.107277680491,0.0026296862885986584,0.008081611388683858
3,4.987088542724711e-05,5999.0642964307535,7.346258755436516e-05,0.00022707439737129124
