,gap,LB,UB,rank_ratio,sdp_measure
0,0.001986487568239906,2771.2714325731113,2776.787486394478,9.35290174032506e-05,0.0002548852038266755
1,5.8419482574133375e-05,2776.6252679063045,2776.787486394478,3.501275336381228e-05,2.10625021006979e-05
