,gap,LB,UB,rank_ratio,sdp_measure
0,0.00018947719133810166,684855.7007140057,684985.4898407281,0.01431063241295203,0.09180358928153956
1,5.669591621913572e-05,684946.6539607848,684985.4898407281,0.006098522587862292,0.02952651036291088
