,gap,LB,UB,rank_ratio,sdp_measure
0,0.0017010502123304717,4987.702069210049,4996.200857739953,5.2307456175606416e-05,0.0002155663524940463
1,3.821211555510071e-05,4996.00994233544,4996.200857739953,3.514041219594021e-07,4.1695645940849134e-07
