,gap,LB,rank_ratio,sdp_measure
0,1.7783799834646464e-06,2776.782548211215,1.9657284085926722e-07,5.961339425296475e-07
