,gap,LB,rank_ratio,sdp_measure
0,0.008152618638833025,796.5810553415608,0.038735667882853354,0.16236394931342635
1,0.0006263788108484275,802.62559422687,0.015564545640068471,0.05939210776720784
2,0.00025569089275361353,802.9233043166956,0.005283278112164307,0.02275622228497859
3,9.278781433451282e-05,803.0541364472875,0.00030281422417497333,0.0009332298722592699
