,gap,LB,UB,rank_ratio,sdp_measure
0,0.0036527155662157223,563155.3833187567,565219.97110555,0.030634372125389466,0.16005433037850494
1,0.0009272330877694579,564695.8804464728,565219.97110555,0.01093537620398421,0.04472081119751636
2,0.00016884583233684212,565124.5360690752,565219.97110555,0.001808073588251354,0.0095038282478507
3,8.435984480912448e-05,565172.2892365045,565219.97110555,0.0017198252348438249,0.001412461853378275
