,gap,LB,rank_ratio,sdp_measure
0,2.9056693144944556e-05,134939.70575347162,0.00035891601760745096,0.0016105450425817286
