,gap,LB,rank_ratio,sdp_measure
0,0.831741516039386,1002.7050263520791,8.720396632089356e-07,2.75987664679096e-06
1,6.280927974120043e-08,5959.312955699822,6.275470460869363e-12,1.9860958328552747e-11
