,gap,LB,rank_ratio,sdp_measure
0,0.0035343640510400068,563222.2987793462,0.008935512545416698,0.057441229554385985
1,0.0005071460150909995,564933.3429334075,0.006515298463870098,0.048011789849909246
2,0.00014059743535433197,565140.5235187139,0.003681424664433639,0.02388419929252706
3,4.753081969286211e-05,565193.1266304735,0.0003906400816952441,0.0016729060740221192
