,gap,LB,UB,rank_ratio,sdp_measure
0,4.349612708173143e-05,11235.19125518317,11235.679963746723,4.022883937313746e-06,6.605165634752844e-08
