,gap,LB,UB,rank_ratio,sdp_measure
0,0.00036048580236625044,105117.13768076318,105155.04458138195,0.009439952504915543,0.029847656724224507
1,0.00011819702830471633,105142.61556760118,105155.04458138195,0.0021226838906749203,0.006860228738744024
2,6.233610540484694e-05,105148.48962543908,105155.04458138195,0.0002508322808358466,0.0007380809103393343
