,gap,LB,UB,rank_ratio,sdp_measure
0,9.074494480334754e-06,76376.71788514088,76377.41097153517,0.0018203461487798168,0.006296330409538274
