,gap,LB,rank_ratio,sdp_measure
0,0.8317413807259061,1002.7057505656289,4.910678456643798e-07,1.5541603212078374e-06
1,-1.9147199995903597e-08,5959.31295579708,1.6161342961647078e-12,3.0532586713428737e-12
