,gap,LB,UB,rank_ratio,sdp_measure
0,5.912287829305997e-06,5959.277608595017,5959.312841767803,6.880070470646586e-05,9.211241947033622e-05
