,gap,LB,UB,rank_ratio,sdp_measure
0,6.050575938659006e-06,5812.60771961258,5812.642889449787,1.0695188076026138e-05,1.5115381990973336e-06
