,gap,LB,UB,rank_ratio,sdp_measure
0,0.0008764132013205268,38629.39701257837,38663.28202335001,0.004260505258108146,0.024012919307604928
1,0.0003462152442862922,38649.896205719386,38663.28202335001,0.004120791860805592,0.01246298347678544
2,0.00013051936568904253,38658.235716304865,38663.28202335001,0.002013441174149987,0.002928688513453841
3,5.6354106113572095e-05,38661.10318865217,38663.28202335001,0.001675285716339809,0.0014620738668315101
