,gap,LB,rank_ratio,sdp_measure
0,4.754926778776338e-06,49290.125027950155,0.0007057741436525862,0.002235552608509035
