,gap,LB,rank_ratio,sdp_measure
0,0.00016042611221588375,76905.63064906524,7.4234452752549586e-06,3.084677471504444e-05
1,4.912585886891036e-05,76914.19163864656,9.237841860777335e-06,3.953192321897783e-05
