,gap,LB,UB,rank_ratio,sdp_measure
0,0.0004735673139985308,5956.490705917207,5959.312841692925,0.00032740067686035866,0.0010150691992221838
1,2.2886344361284148e-05,5959.176454807073,5959.312841692925,6.0874900960385446e-05,6.128494172015255e-05
