,gap,LB,UB,rank_ratio,sdp_measure
0,5.391027921103588e-06,5812.611553329673,5812.642889449786,1.0189350212152764e-05,7.91361366840496e-08
