,gap,LB,rank_ratio,sdp_measure
0,1.1191628180541923e-06,148340.3429828179,1.9479857278074683e-06,8.511803685132086e-06
