,gap,LB,UB,rank_ratio,sdp_measure
0,4.9374173090067936e-06,148339.76644511046,148340.49886405718,0.0006778793061326499,0.0022024855792273632
