,gap,LB,rank_ratio,sdp_measure
0,0.02974888371065845,10901.435137324517,5.565190773290458e-06,1.4694124131329763e-05
1,9.22439286659604e-06,11235.580557634814,6.717472522656334e-07,4.328058163886056e-07
