,gap,LB,rank_ratio,sdp_measure
0,0.8375410481342173,944.3159267155382,6.539531678382352e-06,1.8819341558995267e-05
1,4.581897555329105e-08,5812.642963670642,2.3198609862896322e-10,5.12533756824151e-10
