,gap,LB,rank_ratio,sdp_measure
0,0.0037983350762684017,2169.8083170194122,0.03949637729052188,0.1274754496611595
1,0.0004885861115352215,2177.017219678167,0.024197977715556495,0.07936834802449803
2,0.00016579066180419914,2177.7202944432306,0.00910695786032348,0.02978523423771011
3,3.2392028970592524e-05,2178.010847524191,0.0002962492866857831,0.0006563056064803911
