,gap,LB,UB,rank_ratio,sdp_measure
0,0.00012944834027477477,4995.554107831682,4996.200857740396,3.928481521748146e-06,1.610980244674853e-05
1,8.616011322098749e-05,4995.770384508818,4996.200857740396,7.959669354652734e-06,3.2615728480902465e-05
