,gap,LB,UB,rank_ratio,sdp_measure
0,1.8681939326468187e-05,76375.9840933777,76377.41097153538,0.0011540215284662838,0.0034086152399868544
