,gap,LB,UB,rank_ratio,sdp_measure
0,7.822972548611457e-06,897.3440445883116,897.351064541056,0.00024750498438559133,0.0010238401909741129
