,gap,LB,UB,rank_ratio,sdp_measure
0,5.3593945318294854e-06,5812.6117372032695,5812.642889449787,1.0168125016060282e-05,1.8131459454465227e-08
