,gap,LB,rank_ratio,sdp_measure
0,0.004288017814850762,682048.2679816616,0.008542383564815187,0.04510276515226408
1,8.278010561071386e-05,684928.7948281338,0.010036930563943103,0.06669890245547705
