,gap,LB,rank_ratio,sdp_measure
0,0.005320205888134497,134225.70608382692,5.391177463491915e-05,0.0002552196924119272
1,0.0015385609930471265,134736.01498846756,7.086728382452034e-07,2.425447824076223e-06
2,0.0005972940871930781,134863.03296530744,1.2211192849451868e-06,5.0291201567305e-06
3,0.0001266278029352124,134926.54638410648,4.800919888110207e-07,1.8435156032005899e-06
4,2.7692208527964273e-05,134939.89711274774,4.3153444237007893e-07,9.924994183376604e-07
