,gap,LB,rank_ratio,sdp_measure
0,0.8375410481342173,944.3159267155382,6.5395316783760426e-06,1.881934155897711e-05
1,4.58189757097594e-08,5812.642963670641,2.319862527188528e-10,5.125336451512711e-10
