,gap,LB,rank_ratio,sdp_measure
0,0.000301225256971139,189706.92426443077,0.0984597019961948,0.4490163852843298
1,9.821436971187566e-05,189745.44843989957,0.05181524660159129,0.39314303349448876
