,gap,LB,UB,rank_ratio,sdp_measure
0,5.8830010123558336e-06,5959.277783049444,5959.312841692925,9.448502426111216e-05,6.300343424377133e-05
