,gap,LB,rank_ratio,sdp_measure
0,0.005408730699463761,134213.760224087,2.1596184959629946e-05,0.00010218543199205062
1,0.0015722090513799862,134731.47439719908,3.991861333478213e-06,1.6452732715159028e-05
2,0.0006095710613698812,134861.3762657975,6.010630452806956e-07,2.2307966355449404e-06
3,0.00012839772383983446,134926.30754454772,3.2486221431675024e-07,5.78289650542871e-07
4,2.823212509627993e-05,134939.82425444396,9.184506665522405e-07,2.3395407872128044e-06
