,gap,LB,rank_ratio,sdp_measure
0,0.0027239231289318973,453706.7461117677,0.14730875841375768,1.385557925993055
1,0.0010756666454218805,454456.61377954256,0.07500314539155102,0.6940160295058296
2,0.0004074060594515211,454760.63624939526,0.03481241811406653,0.32785481317708765
3,0.00013475179958877633,454884.6792099403,0.009030271744767254,0.08450054907989152
4,3.935690303850069e-05,454928.07873501995,0.006121597236334877,0.02248703878742587
