,gap,LB,rank_ratio,sdp_measure
0,0.030859620505702682,877.7777772815291,7.045780330414605e-10,1.4158104133521476e-09
