,gap,LB,rank_ratio,sdp_measure
0,0.030859619963751046,877.77777777239,7.649479612130021e-12,1.5371204309388986e-11
