,gap,LB,rank_ratio,sdp_measure
0,-43.07531917911509,41507.41738980617,0.20532168853477284,0.952200372065275
